{
  "programList":[
    { "channel":"016 贵州卫视",
      "playTime":["0:00-2:00","2:00-4:00","4:00-6:00","6:00-8:00","8:00-10:00","10:00-12:00","12:00-14:00","14:00-16:00","16:00-18:00","18:00-20:00","20:00-22:00","22:00-24:00"],
      "proTitle":["叮当猫1","花千骨2","叮当猫3","叮当猫4","叮当猫5","叮当猫6","叮当猫7","叮当猫8","叮当猫9","叮当猫10","叮当猫11","叮当猫12"],
      "proVideo":["a1","a2","a3","a4","a5","a6","a7","a8","a9","a10","a11","a12"]
    },
    { "channel":"022 广西卫视",
      "playTime":["0:00-2:00","2:00-4:00","4:00-6:00","6:00-8:00","8:00-10:00","10:00-12:00","12:00-14:00","14:00-16:00","16:00-18:00","18:00-20:00","20:00-22:00","22:00-24:00"],
      "proTitle":["叮当猫1","胭脂2","叮当猫3","叮当猫4","叮当猫5","叮当猫6","叮当猫7","叮当猫8","叮当猫9","叮当猫10","叮当猫11","叮当猫12"],
      "proVideo":["b1","b2","b3","b4","b5","b6","b7","b8","b9","b10","b11","b12"]
    },
    { "channel":"026 广东卫视",
      "playTime":["0:00-2:00","2:00-4:00","4:00-6:00","6:00-8:00","8:00-10:00","10:00-12:00","12:00-14:00","14:00-16:00","16:00-18:00","18:00-20:00","20:00-22:00","22:00-24:00"],
      "proTitle":["叮当猫1","追鱼传奇2","叮当猫3","叮当猫4","叮当猫5","叮当猫6","叮当猫7","叮当猫8","叮当猫9","叮当猫10","叮当猫11","叮当猫12"],
      "proVideo":["a1","a2","a3","a1","a2","a3","a1","a2","a3","a1","a2","a3"]
    },
    { "channel":"034 青海卫视",
      "playTime":["0:00-2:00","2:00-4:00","4:00-6:00","6:00-8:00","8:00-10:00","10:00-12:00","12:00-14:00","14:00-16:00","16:00-18:00","18:00-20:00","20:00-22:00","22:00-24:00"],
      "proTitle":["叮当猫1","叮当猫2","叮当猫3","叮当猫4","叮当猫5","叮当猫6","叮当猫7","叮当猫8","叮当猫9","叮当猫10","叮当猫11","叮当猫12"],
      "proVideo":["b1","b2","b3","b4","b5","b6","b7","b8","b9","b10","b11","b12"]
    },
    { "channel":"055 福建卫视",
      "playTime":["0:00-2:00","2:00-4:00","4:00-6:00","6:00-8:00","8:00-10:00","10:00-12:00","12:00-14:00","14:00-16:00","16:00-18:00","18:00-20:00","20:00-22:00","22:00-24:00"],
      "proTitle":["叮当猫1","舌尖上的中国2","叮当猫3","叮当猫4","叮当猫5","叮当猫6","叮当猫7","叮当猫8","叮当猫9","叮当猫10","叮当猫11","叮当猫12"],
      "proVideo":["a1","a2","a3","a1","a2","a3","a1","a2","a3","a1","a2","a3"]
    },
    { "channel":"076 湖南卫视",
      "playTime":["0:00-2:00","2:00-4:00","4:00-6:00","6:00-8:00","8:00-10:00","10:00-12:00","12:00-14:00","14:00-16:00","16:00-18:00","18:00-20:00","20:00-22:00","22:00-24:00"],
      "proTitle":["叮当猫1","麻辣鲜师2","叮当猫3","叮当猫4","叮当猫5","叮当猫6","叮当猫7","叮当猫8","叮当猫9","叮当猫10","叮当猫11","叮当猫12"],
      "proVideo":["b1","b2","b3","b4","b5","b6","b7","b8","b9","b10","b11","b12"]
    },
    { "channel":"089 四川卫视",
      "playTime":["0:00-2:00","2:00-4:00","4:00-6:00","6:00-8:00","8:00-10:00","10:00-12:00","12:00-14:00","14:00-16:00","16:00-18:00","18:00-20:00","20:00-22:00","22:00-24:00"],
      "proTitle":["叮当猫1","法医秦明2","叮当猫3","叮当猫4","叮当猫5","叮当猫6","叮当猫7","叮当猫8","叮当猫9","叮当猫10","叮当猫11","叮当猫12"],
      "proVideo":["a1","a2","a3","a1","a2","a3","a1","a2","a3","a1","a2","a3"]
    },
    { "channel":"113 新疆卫视",
      "playTime":["0:00-2:00","2:00-4:00","4:00-6:00","6:00-8:00","8:00-10:00","10:00-12:00","12:00-14:00","14:00-16:00","16:00-18:00","18:00-20:00","20:00-22:00","22:00-24:00"],
      "proTitle":["叮当猫1","孤芳不自赏2","叮当猫3","叮当猫4","叮当猫5","叮当猫6","叮当猫7","叮当猫8","叮当猫9","叮当猫10","叮当猫11","叮当猫12"],
      "proVideo":["b1","b2","b3","b4","b5","b6","b7","b8","b9","b10","b11","b12"]
    },
    { "channel":"216 CCTV-1",
      "playTime":["0:00-2:00","2:00-4:00","4:00-6:00","6:00-8:00","8:00-10:00","10:00-12:00","12:00-14:00","14:00-16:00","16:00-18:00","18:00-20:00","20:00-22:00","22:00-24:00"],
      "proTitle":["叮当猫1","锦绣良缘2","叮当猫3","叮当猫4","叮当猫5","叮当猫6","叮当猫7","叮当猫8","叮当猫9","叮当猫10","叮当猫11","叮当猫12"],
      "proVideo":["a1","a2","a3","a1","a2","a3","a1","a2","a3","a1","a2","a3"]
    },
    { "channel":"048 CCTV-2",
      "playTime":["0:00-2:00","2:00-4:00","4:00-6:00","6:00-8:00","8:00-10:00","10:00-12:00","12:00-14:00","14:00-16:00","16:00-18:00","18:00-20:00","20:00-22:00","22:00-24:00"],
      "proTitle":["叮当猫1","谈判专家2","叮当猫3","叮当猫4","叮当猫5","叮当猫6","叮当猫7","叮当猫8","叮当猫9","叮当猫10","叮当猫11","叮当猫12"],
      "proVideo":["b1","b2","b3","b4","b5","b6","b7","b8","b9","b10","b11","b12"]
    },
    { "channel":"015 CCTV-3",
      "playTime":["0:00-2:00","2:00-4:00","4:00-6:00","6:00-8:00","8:00-10:00","10:00-12:00","12:00-14:00","14:00-16:00","16:00-18:00","18:00-20:00","20:00-22:00","22:00-24:00"],
      "proTitle":["叮当猫1","木兰妈妈2","叮当猫3","叮当猫4","叮当猫5","叮当猫6","叮当猫7","叮当猫8","叮当猫9","叮当猫10","叮当猫11","叮当猫12"],
      "proVideo":["a1","a2","a3","a1","a2","a3","a1","a2","a3","a1","a2","a3"]
    },
    { "channel":"039 科教频道",
      "playTime":["0:00-2:00","2:00-4:00","4:00-6:00","6:00-8:00","8:00-10:00","10:00-12:00","12:00-14:00","14:00-16:00","16:00-18:00","18:00-20:00","20:00-22:00","22:00-24:00"],
      "proTitle":["叮当猫1","甄嬛传2","叮当猫3","叮当猫4","叮当猫5","叮当猫6","叮当猫7","叮当猫8","叮当猫9","叮当猫10","叮当猫11","叮当猫12"],
      "proVideo":["b1","b2","b3","b4","b5","b6","b7","b8","b9","b10","b11","b12"]
    },
    { "channel":"085 体育频道",
      "playTime":["0:00-2:00","2:00-4:00","4:00-6:00","6:00-8:00","8:00-10:00","10:00-12:00","12:00-14:00","14:00-16:00","16:00-18:00","18:00-20:00","20:00-22:00","22:00-24:00"],
      "proTitle":["叮当猫1","识汝不识丁2","叮当猫3","叮当猫4","叮当猫5","叮当猫6","叮当猫7","叮当猫8","叮当猫9","叮当猫10","叮当猫11","叮当猫12"],
      "proVideo":["a1","a2","a3","a1","a2","a3","a1","a2","a3","a1","a2","a3"]
    }
  ],

  "supindex":["0"],

  "chName":["016 贵州卫视"],
  "currentPro":[],
  "currentTime":[]

}
